seqs	scores
CCGACGCGCATCTCGACTGCACGGTGCACCAATGCTTCTGGCGTCAGGCAGCCATCGGAAGCTGTGGTATGGCTGTGCAGGTCGTAAATCACTGCATAATTCGTGTCGCTCAAGGCGCACTCCCGTTCTGGATAATGTTTTTTGCGCCGACATCATAACGGTTCTGGCAAATATTCTGAAATGAGCTGTTGACAATTAATCATCGAACTAGTTAACTAGTACGCAAGTTCACGTAAAAAGGGTATCGACAATGAAAGCAATTTTCGTACTGAAAGGTTGGTGGCGCACTTCCTGAAACGGGCAGTGTATTCACCATGCGTAAAGCAATCAGATACCCAGCCCGCCTAATGAGCGGGCTTTTTTTTGAACAAAATTAGAGAATAACAATGCAAACACAAAAACCGACTCTCGAACTGCTAACCTGCGAAGGCGCTTATCGCGACAATCCCACCGCGCTTTTTCACCAGTTGTGTGGGGATCGTCCGGCAACGCTGCTGCTGGAATCCGCAGATATCGACAGCAAAGATGATTTAAAAAGCCTGCTG	-0.9453013
CCGACGCGCATCTCGACTGCACGGTGCACCAATGCTTCTGGCGTCAGGCAGCCATCGGAAGCTGTGGTATGGCTGTGCAGGTCGTAAATCACTGCATAATTCGTGTCGCTCAAGGCGCACTCCCGTTCTGGATAATGTTTTTTGCGCCGACATCATAACGGTTCTGGCAAATATTCTGAAATGAGCTGTTGACAATTAATCATCGAACTAGTTAACTAGTACGCAAGTTCACGTAAAAAGGGTATCGACAATGAAGGCAATTTTCGTACTGAAAGGTTGGTGGCGCACTTCCTGAAACGGGCAGTGTATTCACCATGCGTAAAGCAATCAGATACCCAGCCCGCCTAATGAGCGGGCTTTTTTTTGAACAAAATTAGAGAATAACAATGCAAACACAAAAACCGACTCTCGAACTGCTAACCTGCGAAGGCGCTTATCGCGACAATCCCACCGCGCTTTTTCACCAGTTGTGTGGGGATCGTCCGGCAACGCTGCTGCTGGAATCCGCAGATATCGACAGCAAAGATGATTTAAAAAGCCTGCTG	-0.9563141
CCGACGCGCATCTCGACTGCACGGTGCACCAATGCTTCTGGCGTCAGGCAGCCATCGGAAGCTGTGGTATGGCTGTGCAGGTCGTAAATCACTGCATAATTCGTGTCGCTCAAGGCGCACTCCCGTTCTGGATAATGTTTTTTGCGCCGACATCATAACGGTTCTGGCAAATATTCTGAAATGAGCTGTTGACAATTAATCATCGAACTAGTTAACTAGTACGCAAGTTCACGTAAAAAGGGTATCGACAATGAAAGCTATTTTCGTACTGAAAGGTTGGTGGCGCACTTCCTGAAACGGGCAGTGTATTCACCATGCGTAAAGCAATCAGATACCCAGCCCGCCTAATGAGCGGGCTTTTTTTTGAACAAAATTAGAGAATAACAATGCAAACACAAAAACCGACTCTCGAACTGCTAACCTGCGAAGGCGCTTATCGCGACAATCCCACCGCGCTTTTTCACCAGTTGTGTGGGGATCGTCCGGCAACGCTGCTGCTGGAATCCGCAGATATCGACAGCAAAGATGATTTAAAAAGCCTGCTG	-0.94530743
CCGACGCGCATCTCGACTGCACGGTGCACCAATGCTTCTGGCGTCAGGCAGCCATCGGAAGCTGTGGTATGGCTGTGCAGGTCGTAAATCACTGCATAATTCGTGTCGCTCAAGGCGCACTCCCGTTCTGGATAATGTTTTTTGCGCCGACATCATAACGGTTCTGGCAAATATTCTGAAATGAGCTGTTGACAATTAATCATCGAACTAGTTAACTAGTACGCAAGTTCACGTAAAAAGGGTATCGACAATGAAAGCCATTTTCGTACTGAAAGGTTGGTGGCGCACTTCCTGAAACGGGCAGTGTATTCACCATGCGTAAAGCAATCAGATACCCAGCCCGCCTAATGAGCGGGCTTTTTTTTGAACAAAATTAGAGAATAACAATGCAAACACAAAAACCGACTCTCGAACTGCTAACCTGCGAAGGCGCTTATCGCGACAATCCCACCGCGCTTTTTCACCAGTTGTGTGGGGATCGTCCGGCAACGCTGCTGCTGGAATCCGCAGATATCGACAGCAAAGATGATTTAAAAAGCCTGCTG	-0.95358974
CCGACGCGCATCTCGACTGCACGGTGCACCAATGCTTCTGGCGTCAGGCAGCCATCGGAAGCTGTGGTATGGCTGTGCAGGTCGTAAATCACTGCATAATTCGTGTCGCTCAAGGCGCACTCCCGTTCTGGATAATGTTTTTTGCGCCGACATCATAACGGTTCTGGCAAATATTCTGAAATGAGCTGTTGACAATTAATCATCGAACTAGTTAACTAGTACGCAAGTTCACGTAAAAAGGGTATCGACAATGAAAGCGATTTTCGTACTGAAAGGTTGGTGGCGCACTTCCTGAAACGGGCAGTGTATTCACCATGCGTAAAGCAATCAGATACCCAGCCCGCCTAATGAGCGGGCTTTTTTTTGAACAAAATTAGAGAATAACAATGCAAACACAAAAACCGACTCTCGAACTGCTAACCTGCGAAGGCGCTTATCGCGACAATCCCACCGCGCTTTTTCACCAGTTGTGTGGGGATCGTCCGGCAACGCTGCTGCTGGAATCCGCAGATATCGACAGCAAAGATGATTTAAAAAGCCTGCTG	-0.9448677
CCGACGCGCATCTCGACTGCACGGTGCACCAATGCTTCTGGCGTCAGGCAGCCATCGGAAGCTGTGGTATGGCTGTGCAGGTCGTAAATCACTGCATAATTCGTGTCGCTCAAGGCGCACTCCCGTTCTGGATAATGTTTTTTGCGCCGACATCATAACGGTTCTGGCAAATATTCTGAAATGAGCTGTTGACAATTAATCATCGAACTAGTTAACTAGTACGCAAGTTCACGTAAAAAGGGTATCGACAATGAAAGCAATCTTCGTACTGAAAGGTTGGTGGCGCACTTCCTGAAACGGGCAGTGTATTCACCATGCGTAAAGCAATCAGATACCCAGCCCGCCTAATGAGCGGGCTTTTTTTTGAACAAAATTAGAGAATAACAATGCAAACACAAAAACCGACTCTCGAACTGCTAACCTGCGAAGGCGCTTATCGCGACAATCCCACCGCGCTTTTTCACCAGTTGTGTGGGGATCGTCCGGCAACGCTGCTGCTGGAATCCGCAGATATCGACAGCAAAGATGATTTAAAAAGCCTGCTG	-0.9519801
CCGACGCGCATCTCGACTGCACGGTGCACCAATGCTTCTGGCGTCAGGCAGCCATCGGAAGCTGTGGTATGGCTGTGCAGGTCGTAAATCACTGCATAATTCGTGTCGCTCAAGGCGCACTCCCGTTCTGGATAATGTTTTTTGCGCCGACATCATAACGGTTCTGGCAAATATTCTGAAATGAGCTGTTGACAATTAATCATCGAACTAGTTAACTAGTACGCAAGTTCACGTAAAAAGGGTATCGACAATGAAAGCAATATTCGTACTGAAAGGTTGGTGGCGCACTTCCTGAAACGGGCAGTGTATTCACCATGCGTAAAGCAATCAGATACCCAGCCCGCCTAATGAGCGGGCTTTTTTTTGAACAAAATTAGAGAATAACAATGCAAACACAAAAACCGACTCTCGAACTGCTAACCTGCGAAGGCGCTTATCGCGACAATCCCACCGCGCTTTTTCACCAGTTGTGTGGGGATCGTCCGGCAACGCTGCTGCTGGAATCCGCAGATATCGACAGCAAAGATGATTTAAAAAGCCTGCTG	-0.9490267
CCGACGCGCATCTCGACTGCACGGTGCACCAATGCTTCTGGCGTCAGGCAGCCATCGGAAGCTGTGGTATGGCTGTGCAGGTCGTAAATCACTGCATAATTCGTGTCGCTCAAGGCGCACTCCCGTTCTGGATAATGTTTTTTGCGCCGACATCATAACGGTTCTGGCAAATATTCTGAAATGAGCTGTTGACAATTAATCATCGAACTAGTTAACTAGTACGCAAGTTCACGTAAAAAGGGTATCGACAATGAAAGCAATTTTTGTACTGAAAGGTTGGTGGCGCACTTCCTGAAACGGGCAGTGTATTCACCATGCGTAAAGCAATCAGATACCCAGCCCGCCTAATGAGCGGGCTTTTTTTTGAACAAAATTAGAGAATAACAATGCAAACACAAAAACCGACTCTCGAACTGCTAACCTGCGAAGGCGCTTATCGCGACAATCCCACCGCGCTTTTTCACCAGTTGTGTGGGGATCGTCCGGCAACGCTGCTGCTGGAATCCGCAGATATCGACAGCAAAGATGATTTAAAAAGCCTGCTG	-0.94705576
CCGACGCGCATCTCGACTGCACGGTGCACCAATGCTTCTGGCGTCAGGCAGCCATCGGAAGCTGTGGTATGGCTGTGCAGGTCGTAAATCACTGCATAATTCGTGTCGCTCAAGGCGCACTCCCGTTCTGGATAATGTTTTTTGCGCCGACATCATAACGGTTCTGGCAAATATTCTGAAATGAGCTGTTGACAATTAATCATCGAACTAGTTAACTAGTACGCAAGTTCACGTAAAAAGGGTATCGACAATGAAAGCAATTTTCGTTCTGAAAGGTTGGTGGCGCACTTCCTGAAACGGGCAGTGTATTCACCATGCGTAAAGCAATCAGATACCCAGCCCGCCTAATGAGCGGGCTTTTTTTTGAACAAAATTAGAGAATAACAATGCAAACACAAAAACCGACTCTCGAACTGCTAACCTGCGAAGGCGCTTATCGCGACAATCCCACCGCGCTTTTTCACCAGTTGTGTGGGGATCGTCCGGCAACGCTGCTGCTGGAATCCGCAGATATCGACAGCAAAGATGATTTAAAAAGCCTGCTG	-0.9468441
CCGACGCGCATCTCGACTGCACGGTGCACCAATGCTTCTGGCGTCAGGCAGCCATCGGAAGCTGTGGTATGGCTGTGCAGGTCGTAAATCACTGCATAATTCGTGTCGCTCAAGGCGCACTCCCGTTCTGGATAATGTTTTTTGCGCCGACATCATAACGGTTCTGGCAAATATTCTGAAATGAGCTGTTGACAATTAATCATCGAACTAGTTAACTAGTACGCAAGTTCACGTAAAAAGGGTATCGACAATGAAAGCAATTTTCGTCCTGAAAGGTTGGTGGCGCACTTCCTGAAACGGGCAGTGTATTCACCATGCGTAAAGCAATCAGATACCCAGCCCGCCTAATGAGCGGGCTTTTTTTTGAACAAAATTAGAGAATAACAATGCAAACACAAAAACCGACTCTCGAACTGCTAACCTGCGAAGGCGCTTATCGCGACAATCCCACCGCGCTTTTTCACCAGTTGTGTGGGGATCGTCCGGCAACGCTGCTGCTGGAATCCGCAGATATCGACAGCAAAGATGATTTAAAAAGCCTGCTG	-0.9508225
CCGACGCGCATCTCGACTGCACGGTGCACCAATGCTTCTGGCGTCAGGCAGCCATCGGAAGCTGTGGTATGGCTGTGCAGGTCGTAAATCACTGCATAATTCGTGTCGCTCAAGGCGCACTCCCGTTCTGGATAATGTTTTTTGCGCCGACATCATAACGGTTCTGGCAAATATTCTGAAATGAGCTGTTGACAATTAATCATCGAACTAGTTAACTAGTACGCAAGTTCACGTAAAAAGGGTATCGACAATGAAAGCAATTTTCGTGCTGAAAGGTTGGTGGCGCACTTCCTGAAACGGGCAGTGTATTCACCATGCGTAAAGCAATCAGATACCCAGCCCGCCTAATGAGCGGGCTTTTTTTTGAACAAAATTAGAGAATAACAATGCAAACACAAAAACCGACTCTCGAACTGCTAACCTGCGAAGGCGCTTATCGCGACAATCCCACCGCGCTTTTTCACCAGTTGTGTGGGGATCGTCCGGCAACGCTGCTGCTGGAATCCGCAGATATCGACAGCAAAGATGATTTAAAAAGCCTGCTG	-0.9552694
CCGACGCGCATCTCGACTGCACGGTGCACCAATGCTTCTGGCGTCAGGCAGCCATCGGAAGCTGTGGTATGGCTGTGCAGGTCGTAAATCACTGCATAATTCGTGTCGCTCAAGGCGCACTCCCGTTCTGGATAATGTTTTTTGCGCCGACATCATAACGGTTCTGGCAAATATTCTGAAATGAGCTGTTGACAATTAATCATCGAACTAGTTAACTAGTACGCAAGTTCACGTAAAAAGGGTATCGACAATGAAAGCAATTTTCGTATTAAAAGGTTGGTGGCGCACTTCCTGAAACGGGCAGTGTATTCACCATGCGTAAAGCAATCAGATACCCAGCCCGCCTAATGAGCGGGCTTTTTTTTGAACAAAATTAGAGAATAACAATGCAAACACAAAAACCGACTCTCGAACTGCTAACCTGCGAAGGCGCTTATCGCGACAATCCCACCGCGCTTTTTCACCAGTTGTGTGGGGATCGTCCGGCAACGCTGCTGCTGGAATCCGCAGATATCGACAGCAAAGATGATTTAAAAAGCCTGCTG	-0.94906574
CCGACGCGCATCTCGACTGCACGGTGCACCAATGCTTCTGGCGTCAGGCAGCCATCGGAAGCTGTGGTATGGCTGTGCAGGTCGTAAATCACTGCATAATTCGTGTCGCTCAAGGCGCACTCCCGTTCTGGATAATGTTTTTTGCGCCGACATCATAACGGTTCTGGCAAATATTCTGAAATGAGCTGTTGACAATTAATCATCGAACTAGTTAACTAGTACGCAAGTTCACGTAAAAAGGGTATCGACAATGAAAGCAATTTTCGTATTGAAAGGTTGGTGGCGCACTTCCTGAAACGGGCAGTGTATTCACCATGCGTAAAGCAATCAGATACCCAGCCCGCCTAATGAGCGGGCTTTTTTTTGAACAAAATTAGAGAATAACAATGCAAACACAAAAACCGACTCTCGAACTGCTAACCTGCGAAGGCGCTTATCGCGACAATCCCACCGCGCTTTTTCACCAGTTGTGTGGGGATCGTCCGGCAACGCTGCTGCTGGAATCCGCAGATATCGACAGCAAAGATGATTTAAAAAGCCTGCTG	-0.95139384
CCGACGCGCATCTCGACTGCACGGTGCACCAATGCTTCTGGCGTCAGGCAGCCATCGGAAGCTGTGGTATGGCTGTGCAGGTCGTAAATCACTGCATAATTCGTGTCGCTCAAGGCGCACTCCCGTTCTGGATAATGTTTTTTGCGCCGACATCATAACGGTTCTGGCAAATATTCTGAAATGAGCTGTTGACAATTAATCATCGAACTAGTTAACTAGTACGCAAGTTCACGTAAAAAGGGTATCGACAATGAAAGCAATTTTCGTACTTAAAGGTTGGTGGCGCACTTCCTGAAACGGGCAGTGTATTCACCATGCGTAAAGCAATCAGATACCCAGCCCGCCTAATGAGCGGGCTTTTTTTTGAACAAAATTAGAGAATAACAATGCAAACACAAAAACCGACTCTCGAACTGCTAACCTGCGAAGGCGCTTATCGCGACAATCCCACCGCGCTTTTTCACCAGTTGTGTGGGGATCGTCCGGCAACGCTGCTGCTGGAATCCGCAGATATCGACAGCAAAGATGATTTAAAAAGCCTGCTG	-0.95134705
CCGACGCGCATCTCGACTGCACGGTGCACCAATGCTTCTGGCGTCAGGCAGCCATCGGAAGCTGTGGTATGGCTGTGCAGGTCGTAAATCACTGCATAATTCGTGTCGCTCAAGGCGCACTCCCGTTCTGGATAATGTTTTTTGCGCCGACATCATAACGGTTCTGGCAAATATTCTGAAATGAGCTGTTGACAATTAATCATCGAACTAGTTAACTAGTACGCAAGTTCACGTAAAAAGGGTATCGACAATGAAAGCAATTTTCGTACTCAAAGGTTGGTGGCGCACTTCCTGAAACGGGCAGTGTATTCACCATGCGTAAAGCAATCAGATACCCAGCCCGCCTAATGAGCGGGCTTTTTTTTGAACAAAATTAGAGAATAACAATGCAAACACAAAAACCGACTCTCGAACTGCTAACCTGCGAAGGCGCTTATCGCGACAATCCCACCGCGCTTTTTCACCAGTTGTGTGGGGATCGTCCGGCAACGCTGCTGCTGGAATCCGCAGATATCGACAGCAAAGATGATTTAAAAAGCCTGCTG	-0.9532704
CCGACGCGCATCTCGACTGCACGGTGCACCAATGCTTCTGGCGTCAGGCAGCCATCGGAAGCTGTGGTATGGCTGTGCAGGTCGTAAATCACTGCATAATTCGTGTCGCTCAAGGCGCACTCCCGTTCTGGATAATGTTTTTTGCGCCGACATCATAACGGTTCTGGCAAATATTCTGAAATGAGCTGTTGACAATTAATCATCGAACTAGTTAACTAGTACGCAAGTTCACGTAAAAAGGGTATCGACAATGAAAGCAATTTTCGTACTAAAAGGTTGGTGGCGCACTTCCTGAAACGGGCAGTGTATTCACCATGCGTAAAGCAATCAGATACCCAGCCCGCCTAATGAGCGGGCTTTTTTTTGAACAAAATTAGAGAATAACAATGCAAACACAAAAACCGACTCTCGAACTGCTAACCTGCGAAGGCGCTTATCGCGACAATCCCACCGCGCTTTTTCACCAGTTGTGTGGGGATCGTCCGGCAACGCTGCTGCTGGAATCCGCAGATATCGACAGCAAAGATGATTTAAAAAGCCTGCTG	-0.9504119
CCGACGCGCATCTCGACTGCACGGTGCACCAATGCTTCTGGCGTCAGGCAGCCATCGGAAGCTGTGGTATGGCTGTGCAGGTCGTAAATCACTGCATAATTCGTGTCGCTCAAGGCGCACTCCCGTTCTGGATAATGTTTTTTGCGCCGACATCATAACGGTTCTGGCAAATATTCTGAAATGAGCTGTTGACAATTAATCATCGAACTAGTTAACTAGTACGCAAGTTCACGTAAAAAGGGTATCGACAATGAAAGCAATTTTCGTACTGAAGGGTTGGTGGCGCACTTCCTGAAACGGGCAGTGTATTCACCATGCGTAAAGCAATCAGATACCCAGCCCGCCTAATGAGCGGGCTTTTTTTTGAACAAAATTAGAGAATAACAATGCAAACACAAAAACCGACTCTCGAACTGCTAACCTGCGAAGGCGCTTATCGCGACAATCCCACCGCGCTTTTTCACCAGTTGTGTGGGGATCGTCCGGCAACGCTGCTGCTGGAATCCGCAGATATCGACAGCAAAGATGATTTAAAAAGCCTGCTG	-0.9526991
CCGACGCGCATCTCGACTGCACGGTGCACCAATGCTTCTGGCGTCAGGCAGCCATCGGAAGCTGTGGTATGGCTGTGCAGGTCGTAAATCACTGCATAATTCGTGTCGCTCAAGGCGCACTCCCGTTCTGGATAATGTTTTTTGCGCCGACATCATAACGGTTCTGGCAAATATTCTGAAATGAGCTGTTGACAATTAATCATCGAACTAGTTAACTAGTACGCAAGTTCACGTAAAAAGGGTATCGACAATGAAAGCAATTTTCGTACTGAAAGGCTGGTGGCGCACTTCCTGAAACGGGCAGTGTATTCACCATGCGTAAAGCAATCAGATACCCAGCCCGCCTAATGAGCGGGCTTTTTTTTGAACAAAATTAGAGAATAACAATGCAAACACAAAAACCGACTCTCGAACTGCTAACCTGCGAAGGCGCTTATCGCGACAATCCCACCGCGCTTTTTCACCAGTTGTGTGGGGATCGTCCGGCAACGCTGCTGCTGGAATCCGCAGATATCGACAGCAAAGATGATTTAAAAAGCCTGCTG	-0.93748236
CCGACGCGCATCTCGACTGCACGGTGCACCAATGCTTCTGGCGTCAGGCAGCCATCGGAAGCTGTGGTATGGCTGTGCAGGTCGTAAATCACTGCATAATTCGTGTCGCTCAAGGCGCACTCCCGTTCTGGATAATGTTTTTTGCGCCGACATCATAACGGTTCTGGCAAATATTCTGAAATGAGCTGTTGACAATTAATCATCGAACTAGTTAACTAGTACGCAAGTTCACGTAAAAAGGGTATCGACAATGAAAGCAATTTTCGTACTGAAAGGATGGTGGCGCACTTCCTGAAACGGGCAGTGTATTCACCATGCGTAAAGCAATCAGATACCCAGCCCGCCTAATGAGCGGGCTTTTTTTTGAACAAAATTAGAGAATAACAATGCAAACACAAAAACCGACTCTCGAACTGCTAACCTGCGAAGGCGCTTATCGCGACAATCCCACCGCGCTTTTTCACCAGTTGTGTGGGGATCGTCCGGCAACGCTGCTGCTGGAATCCGCAGATATCGACAGCAAAGATGATTTAAAAAGCCTGCTG	-0.9497655
CCGACGCGCATCTCGACTGCACGGTGCACCAATGCTTCTGGCGTCAGGCAGCCATCGGAAGCTGTGGTATGGCTGTGCAGGTCGTAAATCACTGCATAATTCGTGTCGCTCAAGGCGCACTCCCGTTCTGGATAATGTTTTTTGCGCCGACATCATAACGGTTCTGGCAAATATTCTGAAATGAGCTGTTGACAATTAATCATCGAACTAGTTAACTAGTACGCAAGTTCACGTAAAAAGGGTATCGACAATGAAAGCAATTTTCGTACTGAAAGGGTGGTGGCGCACTTCCTGAAACGGGCAGTGTATTCACCATGCGTAAAGCAATCAGATACCCAGCCCGCCTAATGAGCGGGCTTTTTTTTGAACAAAATTAGAGAATAACAATGCAAACACAAAAACCGACTCTCGAACTGCTAACCTGCGAAGGCGCTTATCGCGACAATCCCACCGCGCTTTTTCACCAGTTGTGTGGGGATCGTCCGGCAACGCTGCTGCTGGAATCCGCAGATATCGACAGCAAAGATGATTTAAAAAGCCTGCTG	-0.943028
CCGACGCGCATCTCGACTGCACGGTGCACCAATGCTTCTGGCGTCAGGCAGCCATCGGAAGCTGTGGTATGGCTGTGCAGGTCGTAAATCACTGCATAATTCGTGTCGCTCAAGGCGCACTCCCGTTCTGGATAATGTTTTTTGCGCCGACATCATAACGGTTCTGGCAAATATTCTGAAATGAGCTGTTGACAATTAATCATCGAACTAGTTAACTAGTACGCAAGTTCACGTAAAAAGGGTATCGACAATGAAAGCAATTTTCGTACTGAAAGGTTGGTGGCGTACTTCCTGAAACGGGCAGTGTATTCACCATGCGTAAAGCAATCAGATACCCAGCCCGCCTAATGAGCGGGCTTTTTTTTGAACAAAATTAGAGAATAACAATGCAAACACAAAAACCGACTCTCGAACTGCTAACCTGCGAAGGCGCTTATCGCGACAATCCCACCGCGCTTTTTCACCAGTTGTGTGGGGATCGTCCGGCAACGCTGCTGCTGGAATCCGCAGATATCGACAGCAAAGATGATTTAAAAAGCCTGCTG	-0.9501541
CCGACGCGCATCTCGACTGCACGGTGCACCAATGCTTCTGGCGTCAGGCAGCCATCGGAAGCTGTGGTATGGCTGTGCAGGTCGTAAATCACTGCATAATTCGTGTCGCTCAAGGCGCACTCCCGTTCTGGATAATGTTTTTTGCGCCGACATCATAACGGTTCTGGCAAATATTCTGAAATGAGCTGTTGACAATTAATCATCGAACTAGTTAACTAGTACGCAAGTTCACGTAAAAAGGGTATCGACAATGAAAGCAATTTTCGTACTGAAAGGTTGGTGGCGAACTTCCTGAAACGGGCAGTGTATTCACCATGCGTAAAGCAATCAGATACCCAGCCCGCCTAATGAGCGGGCTTTTTTTTGAACAAAATTAGAGAATAACAATGCAAACACAAAAACCGACTCTCGAACTGCTAACCTGCGAAGGCGCTTATCGCGACAATCCCACCGCGCTTTTTCACCAGTTGTGTGGGGATCGTCCGGCAACGCTGCTGCTGGAATCCGCAGATATCGACAGCAAAGATGATTTAAAAAGCCTGCTG	-0.96796
CCGACGCGCATCTCGACTGCACGGTGCACCAATGCTTCTGGCGTCAGGCAGCCATCGGAAGCTGTGGTATGGCTGTGCAGGTCGTAAATCACTGCATAATTCGTGTCGCTCAAGGCGCACTCCCGTTCTGGATAATGTTTTTTGCGCCGACATCATAACGGTTCTGGCAAATATTCTGAAATGAGCTGTTGACAATTAATCATCGAACTAGTTAACTAGTACGCAAGTTCACGTAAAAAGGGTATCGACAATGAAAGCAATTTTCGTACTGAAAGGTTGGTGGCGGACTTCCTGAAACGGGCAGTGTATTCACCATGCGTAAAGCAATCAGATACCCAGCCCGCCTAATGAGCGGGCTTTTTTTTGAACAAAATTAGAGAATAACAATGCAAACACAAAAACCGACTCTCGAACTGCTAACCTGCGAAGGCGCTTATCGCGACAATCCCACCGCGCTTTTTCACCAGTTGTGTGGGGATCGTCCGGCAACGCTGCTGCTGGAATCCGCAGATATCGACAGCAAAGATGATTTAAAAAGCCTGCTG	-0.9735039
CCGACGCGCATCTCGACTGCACGGTGCACCAATGCTTCTGGCGTCAGGCAGCCATCGGAAGCTGTGGTATGGCTGTGCAGGTCGTAAATCACTGCATAATTCGTGTCGCTCAAGGCGCACTCCCGTTCTGGATAATGTTTTTTGCGCCGACATCATAACGGTTCTGGCAAATATTCTGAAATGAGCTGTTGACAATTAATCATCGAACTAGTTAACTAGTACGCAAGTTCACGTAAAAAGGGTATCGACAATGAAAGCAATTTTCGTACTGAAAGGTTGGTGGAGAACTTCCTGAAACGGGCAGTGTATTCACCATGCGTAAAGCAATCAGATACCCAGCCCGCCTAATGAGCGGGCTTTTTTTTGAACAAAATTAGAGAATAACAATGCAAACACAAAAACCGACTCTCGAACTGCTAACCTGCGAAGGCGCTTATCGCGACAATCCCACCGCGCTTTTTCACCAGTTGTGTGGGGATCGTCCGGCAACGCTGCTGCTGGAATCCGCAGATATCGACAGCAAAGATGATTTAAAAAGCCTGCTG	-0.97903067
CCGACGCGCATCTCGACTGCACGGTGCACCAATGCTTCTGGCGTCAGGCAGCCATCGGAAGCTGTGGTATGGCTGTGCAGGTCGTAAATCACTGCATAATTCGTGTCGCTCAAGGCGCACTCCCGTTCTGGATAATGTTTTTTGCGCCGACATCATAACGGTTCTGGCAAATATTCTGAAATGAGCTGTTGACAATTAATCATCGAACTAGTTAACTAGTACGCAAGTTCACGTAAAAAGGGTATCGACAATGAAAGCAATTTTCGTACTGAAAGGTTGGTGGAGGACTTCCTGAAACGGGCAGTGTATTCACCATGCGTAAAGCAATCAGATACCCAGCCCGCCTAATGAGCGGGCTTTTTTTTGAACAAAATTAGAGAATAACAATGCAAACACAAAAACCGACTCTCGAACTGCTAACCTGCGAAGGCGCTTATCGCGACAATCCCACCGCGCTTTTTCACCAGTTGTGTGGGGATCGTCCGGCAACGCTGCTGCTGGAATCCGCAGATATCGACAGCAAAGATGATTTAAAAAGCCTGCTG	-0.9834999
CCGACGCGCATCTCGACTGCACGGTGCACCAATGCTTCTGGCGTCAGGCAGCCATCGGAAGCTGTGGTATGGCTGTGCAGGTCGTAAATCACTGCATAATTCGTGTCGCTCAAGGCGCACTCCCGTTCTGGATAATGTTTTTTGCGCCGACATCATAACGGTTCTGGCAAATATTCTGAAATGAGCTGTTGACAATTAATCATCGAACTAGTTAACTAGTACGCAAGTTCACGTAAAAAGGGTATCGACAATGAAAGCAATTTTCGTACTGAAAGGTTGGTGGCGCACCTCCTGAAACGGGCAGTGTATTCACCATGCGTAAAGCAATCAGATACCCAGCCCGCCTAATGAGCGGGCTTTTTTTTGAACAAAATTAGAGAATAACAATGCAAACACAAAAACCGACTCTCGAACTGCTAACCTGCGAAGGCGCTTATCGCGACAATCCCACCGCGCTTTTTCACCAGTTGTGTGGGGATCGTCCGGCAACGCTGCTGCTGGAATCCGCAGATATCGACAGCAAAGATGATTTAAAAAGCCTGCTG	-0.9521148
CCGACGCGCATCTCGACTGCACGGTGCACCAATGCTTCTGGCGTCAGGCAGCCATCGGAAGCTGTGGTATGGCTGTGCAGGTCGTAAATCACTGCATAATTCGTGTCGCTCAAGGCGCACTCCCGTTCTGGATAATGTTTTTTGCGCCGACATCATAACGGTTCTGGCAAATATTCTGAAATGAGCTGTTGACAATTAATCATCGAACTAGTTAACTAGTACGCAAGTTCACGTAAAAAGGGTATCGACAATGAAAGCAATTTTCGTACTGAAAGGTTGGTGGCGCACATCCTGAAACGGGCAGTGTATTCACCATGCGTAAAGCAATCAGATACCCAGCCCGCCTAATGAGCGGGCTTTTTTTTGAACAAAATTAGAGAATAACAATGCAAACACAAAAACCGACTCTCGAACTGCTAACCTGCGAAGGCGCTTATCGCGACAATCCCACCGCGCTTTTTCACCAGTTGTGTGGGGATCGTCCGGCAACGCTGCTGCTGGAATCCGCAGATATCGACAGCAAAGATGATTTAAAAAGCCTGCTG	-0.95432675
CCGACGCGCATCTCGACTGCACGGTGCACCAATGCTTCTGGCGTCAGGCAGCCATCGGAAGCTGTGGTATGGCTGTGCAGGTCGTAAATCACTGCATAATTCGTGTCGCTCAAGGCGCACTCCCGTTCTGGATAATGTTTTTTGCGCCGACATCATAACGGTTCTGGCAAATATTCTGAAATGAGCTGTTGACAATTAATCATCGAACTAGTTAACTAGTACGCAAGTTCACGTAAAAAGGGTATCGACAATGAAAGCAATTTTCGTACTGAAAGGTTGGTGGCGCACGTCCTGAAACGGGCAGTGTATTCACCATGCGTAAAGCAATCAGATACCCAGCCCGCCTAATGAGCGGGCTTTTTTTTGAACAAAATTAGAGAATAACAATGCAAACACAAAAACCGACTCTCGAACTGCTAACCTGCGAAGGCGCTTATCGCGACAATCCCACCGCGCTTTTTCACCAGTTGTGTGGGGATCGTCCGGCAACGCTGCTGCTGGAATCCGCAGATATCGACAGCAAAGATGATTTAAAAAGCCTGCTG	-0.95122474
CCGACGCGCATCTCGACTGCACGGTGCACCAATGCTTCTGGCGTCAGGCAGCCATCGGAAGCTGTGGTATGGCTGTGCAGGTCGTAAATCACTGCATAATTCGTGTCGCTCAAGGCGCACTCCCGTTCTGGATAATGTTTTTTGCGCCGACATCATAACGGTTCTGGCAAATATTCTGAAATGAGCTGTTGACAATTAATCATCGAACTAGTTAACTAGTACGCAAGTTCACGTAAAAAGGGTATCGACAATGAAAGCAATTTTCGTACTGAAAGGTTGGTGGCGCACTTCTTGAAACGGGCAGTGTATTCACCATGCGTAAAGCAATCAGATACCCAGCCCGCCTAATGAGCGGGCTTTTTTTTGAACAAAATTAGAGAATAACAATGCAAACACAAAAACCGACTCTCGAACTGCTAACCTGCGAAGGCGCTTATCGCGACAATCCCACCGCGCTTTTTCACCAGTTGTGTGGGGATCGTCCGGCAACGCTGCTGCTGGAATCCGCAGATATCGACAGCAAAGATGATTTAAAAAGCCTGCTG	-0.97719276
CCGACGCGCATCTCGACTGCACGGTGCACCAATGCTTCTGGCGTCAGGCAGCCATCGGAAGCTGTGGTATGGCTGTGCAGGTCGTAAATCACTGCATAATTCGTGTCGCTCAAGGCGCACTCCCGTTCTGGATAATGTTTTTTGCGCCGACATCATAACGGTTCTGGCAAATATTCTGAAATGAGCTGTTGACAATTAATCATCGAACTAGTTAACTAGTACGCAAGTTCACGTAAAAAGGGTATCGACAATGAAAGCAATTTTCGTACTGAAAGGTTGGTGGCGCACTTCATGAAACGGGCAGTGTATTCACCATGCGTAAAGCAATCAGATACCCAGCCCGCCTAATGAGCGGGCTTTTTTTTGAACAAAATTAGAGAATAACAATGCAAACACAAAAACCGACTCTCGAACTGCTAACCTGCGAAGGCGCTTATCGCGACAATCCCACCGCGCTTTTTCACCAGTTGTGTGGGGATCGTCCGGCAACGCTGCTGCTGGAATCCGCAGATATCGACAGCAAAGATGATTTAAAAAGCCTGCTG	-1.0147206
CCGACGCGCATCTCGACTGCACGGTGCACCAATGCTTCTGGCGTCAGGCAGCCATCGGAAGCTGTGGTATGGCTGTGCAGGTCGTAAATCACTGCATAATTCGTGTCGCTCAAGGCGCACTCCCGTTCTGGATAATGTTTTTTGCGCCGACATCATAACGGTTCTGGCAAATATTCTGAAATGAGCTGTTGACAATTAATCATCGAACTAGTTAACTAGTACGCAAGTTCACGTAAAAAGGGTATCGACAATGAAAGCAATTTTCGTACTGAAAGGTTGGTGGCGCACTTCGTGAAACGGGCAGTGTATTCACCATGCGTAAAGCAATCAGATACCCAGCCCGCCTAATGAGCGGGCTTTTTTTTGAACAAAATTAGAGAATAACAATGCAAACACAAAAACCGACTCTCGAACTGCTAACCTGCGAAGGCGCTTATCGCGACAATCCCACCGCGCTTTTTCACCAGTTGTGTGGGGATCGTCCGGCAACGCTGCTGCTGGAATCCGCAGATATCGACAGCAAAGATGATTTAAAAAGCCTGCTG	-0.9800833
CCGACGCGCATCTCGACTGCACGGTGCACCAATGCTTCTGGCGTCAGGCAGCCATCGGAAGCTGTGGTATGGCTGTGCAGGTCGTAAATCACTGCATAATTCGTGTCGCTCAAGGCGCACTCCCGTTCTGGATAATGTTTTTTGCGCCGACATCATAACGGTTCTGGCAAATATTCTGAAATGAGCTGTTGACAATTAATCATCGAACTAGTTAACTAGTACGCAAGTTCACGTAAAAAGGGTATCGACAATGAAAGCAATTTTCGTACTGAAAGGTTGGTGGCGCACTAGTTGAAACGGGCAGTGTATTCACCATGCGTAAAGCAATCAGATACCCAGCCCGCCTAATGAGCGGGCTTTTTTTTGAACAAAATTAGAGAATAACAATGCAAACACAAAAACCGACTCTCGAACTGCTAACCTGCGAAGGCGCTTATCGCGACAATCCCACCGCGCTTTTTCACCAGTTGTGTGGGGATCGTCCGGCAACGCTGCTGCTGGAATCCGCAGATATCGACAGCAAAGATGATTTAAAAAGCCTGCTG	-0.9979918
CCGACGCGCATCTCGACTGCACGGTGCACCAATGCTTCTGGCGTCAGGCAGCCATCGGAAGCTGTGGTATGGCTGTGCAGGTCGTAAATCACTGCATAATTCGTGTCGCTCAAGGCGCACTCCCGTTCTGGATAATGTTTTTTGCGCCGACATCATAACGGTTCTGGCAAATATTCTGAAATGAGCTGTTGACAATTAATCATCGAACTAGTTAACTAGTACGCAAGTTCACGTAAAAAGGGTATCGACAATGAAAGCAATTTTCGTACTGAAAGGTTGGTGGCGCACTAGCTGAAACGGGCAGTGTATTCACCATGCGTAAAGCAATCAGATACCCAGCCCGCCTAATGAGCGGGCTTTTTTTTGAACAAAATTAGAGAATAACAATGCAAACACAAAAACCGACTCTCGAACTGCTAACCTGCGAAGGCGCTTATCGCGACAATCCCACCGCGCTTTTTCACCAGTTGTGTGGGGATCGTCCGGCAACGCTGCTGCTGGAATCCGCAGATATCGACAGCAAAGATGATTTAAAAAGCCTGCTG	-0.9649468
